ID,Year,Subject,Question_No,Chapter,Question,Topic,Marks
1,2019,Physics,1,Thermodynamics,State the law/principle associated with kinetic theory of gases and its role in real-world systems.,Kinetic Theory of Gases,4
2,2019,Biology,1,Reproduction,The diagram represents human reproduction in the context of reproduction. Identify the labelled parts.,Human Reproduction,4
3,2019,Biology,2,Human Physiology,A Biology question based on circulatory system was asked regarding its practical application in recent research findings.,Circulatory System,4
4,2019,Chemistry,1,Physical Chemistry,State the law/principle associated with thermodynamics and its role in controlled experiments.,Thermodynamics,4
5,2019,Biology,3,Ecology,Compare and contrast two aspects of environmental issues with reference to recent research findings.,Environmental Issues,5
6,2019,Chemistry,2,Chemical Bonding,Which of the following statements about vsepr theory is correct in the context of chemical bonding?,VSEPR Theory,4
7,2019,Biology,4,Biotechnology,What is the significance of genetic engineering in the chapter on biotechnology for the given experiment?,Genetic Engineering,4
8,2019,Physics,2,Modern Physics,Identify the correct option related to atomic structure from the given choices (industrial applications).,Atomic Structure,4
9,2019,Chemistry,3,Physical Chemistry,Explain the concept of electrochemistry with a suitable example from physical chemistry.,Electrochemistry,5
10,2019,Biology,5,Cell Biology,Explain the concept of cell division with a suitable example from cell biology.,Cell Division,4
11,2019,Biology,6,Plant Physiology,A Biology question based on respiration in plants was asked regarding its practical application in biological systems.,Respiration in Plants,5
12,2019,Physics,3,Optics,State the law/principle associated with reflection and refraction and its role in real-world systems.,Reflection and Refraction,4
13,2019,Physics,4,Mechanics,State the law/principle associated with work energy power and its role in industrial applications.,Work Energy Power,5
14,2019,Physics,5,Thermodynamics,Identify the correct option related to kinetic theory of gases from the given choices (controlled experiments).,Kinetic Theory of Gases,4
15,2019,Biology,7,Cell Biology,Which of the following best explains the mechanism of cell structure observed during a typical exam scenario?,Cell Structure,5
16,2019,Physics,6,Mechanics,The diagram represents laws of motion in the context of mechanics. Identify the labelled parts.,Laws of Motion,4
17,2019,Physics,7,Modern Physics,Which factor does NOT affect photoelectric effect during controlled experiments?,Photoelectric Effect,5
18,2019,Chemistry,4,Physical Chemistry,Explain the concept of solutions with a suitable example from physical chemistry.,Solutions,4
19,2019,Biology,8,Reproduction,Explain the concept of plant reproduction with a suitable example from reproduction.,Plant Reproduction,4
20,2019,Chemistry,5,Organic Chemistry,Compare and contrast two aspects of aldehydes and ketones with reference to controlled experiments.,Aldehydes and Ketones,4
21,2019,Physics,8,Current Electricity,Compare and contrast two aspects of ohm's law with reference to the given experiment.,Ohm's Law,4
22,2019,Physics,9,Mechanics,Explain the concept of rotational motion with a suitable example from mechanics.,Rotational Motion,4
23,2019,Physics,10,Optics,Identify the correct option related to wave optics from the given choices (standard temperature and pressure).,Wave Optics,4
24,2019,Biology,9,Genetics,"Calculate the value based on the principle of gene expression, given data on standard temperature and pressure.",Gene Expression,4
25,2019,Biology,10,Evolution,What is the significance of evidence of evolution in the chapter on evolution for biological systems?,Evidence of Evolution,5
26,2019,Chemistry,6,Physical Chemistry,Identify the correct option related to chemical kinetics from the given choices (controlled experiments).,Chemical Kinetics,4
27,2019,Chemistry,7,Atomic Structure,Which of the following best explains the mechanism of quantum numbers observed during industrial applications?,Quantum Numbers,5
28,2019,Biology,11,Genetics,Identify the correct option related to chromosomal disorders from the given choices (field observations).,Chromosomal Disorders,5
29,2019,Biology,12,Plant Physiology,Identify the correct option related to photosynthesis from the given choices (standard temperature and pressure).,Photosynthesis,4
30,2019,Biology,13,Human Physiology,The diagram represents nervous system in the context of human physiology. Identify the labelled parts.,Nervous System,4
31,2019,Biology,14,Ecology,Describe the process involved in ecosystem as covered under ecology.,Ecosystem,5
32,2019,Physics,11,Mechanics,Which of the following best explains the mechanism of gravitation observed during laboratory conditions?,Gravitation,4
33,2019,Chemistry,8,Organic Chemistry,Which of the following statements about alcohols phenols ethers is correct in the context of organic chemistry?,Alcohols Phenols Ethers,4
34,2019,Biology,15,Genetics,Explain the concept of mendelian inheritance with a suitable example from genetics.,Mendelian Inheritance,4
35,2019,Chemistry,9,Organic Chemistry,Identify the correct option related to biomolecules from the given choices (controlled experiments).,Biomolecules,5
36,2019,Chemistry,10,Organic Chemistry,A Chemistry question based on amines was asked regarding its practical application in textbook case studies.,Amines,4
37,2019,Physics,12,Current Electricity,What is the significance of cells and emf in the chapter on current electricity for field observations?,Cells and EMF,4
38,2019,Physics,13,Modern Physics,Explain the concept of nuclear physics with a suitable example from modern physics.,Nuclear Physics,4
39,2019,Biology,16,Plant Physiology,Which of the following statements about plant growth and hormones is correct in the context of plant physiology?,Plant Growth and Hormones,4
40,2019,Chemistry,11,Environmental Chemistry,Explain the concept of pollution with a suitable example from environmental chemistry.,Pollution,4
41,2019,Physics,14,Oscillations and Waves,Describe the process involved in doppler effect as covered under oscillations and waves.,Doppler Effect,5
42,2019,Biology,17,Biotechnology,Identify the correct option related to pcr from the given choices (textbook case studies).,PCR,4
43,2019,Physics,15,Mechanics,A Physics question based on laws of motion was asked regarding its practical application in textbook case studies.,Laws of Motion,4
44,2019,Physics,16,Electrostatics,Describe the process involved in gauss's law as covered under electrostatics.,Gauss's Law,5
45,2019,Physics,17,Current Electricity,What is the significance of resistivity in the chapter on current electricity for textbook case studies?,Resistivity,5
46,2019,Chemistry,12,Inorganic Chemistry,A Chemistry question based on d and f block elements was asked regarding its practical application in the given experiment.,d and f Block Elements,4
47,2019,Biology,18,Ecology,Identify the correct option related to ecosystem from the given choices (laboratory conditions).,Ecosystem,4
48,2019,Physics,18,Magnetism,Which of the following best explains the mechanism of electromagnetic induction observed during recent research findings?,Electromagnetic Induction,4
49,2019,Biology,19,Ecology,Which of the following statements about population ecology is correct in the context of ecology?,Population Ecology,5
50,2019,Biology,20,Ecology,State the law/principle associated with population ecology and its role in controlled experiments.,Population Ecology,4
51,2019,Biology,21,Genetics,Which of the following statements about dna replication is correct in the context of genetics?,DNA Replication,4
52,2019,Physics,19,Oscillations and Waves,A Physics question based on simple harmonic motion was asked regarding its practical application in standard temperature and pressure.,Simple Harmonic Motion,4
53,2019,Biology,22,Evolution,The diagram represents natural selection in the context of evolution. Identify the labelled parts.,Natural Selection,5
54,2019,Biology,23,Evolution,Explain the concept of origin of life with a suitable example from evolution.,Origin of Life,4
55,2019,Biology,24,Human Physiology,Compare and contrast two aspects of respiratory system with reference to industrial applications.,Respiratory System,4
56,2019,Physics,20,Current Electricity,Compare and contrast two aspects of kirchhoff's laws with reference to standard temperature and pressure.,Kirchhoff's Laws,5
57,2019,Chemistry,13,Atomic Structure,The diagram represents electronic configuration in the context of atomic structure. Identify the labelled parts.,Electronic Configuration,4
58,2019,Biology,25,Human Physiology,What is the significance of digestive system in the chapter on human physiology for the given experiment?,Digestive System,4
59,2019,Chemistry,14,Inorganic Chemistry,Identify the correct option related to p-block elements from the given choices (a typical exam scenario).,p-Block Elements,5
60,2019,Physics,21,Magnetism,A Physics question based on ac circuits was asked regarding its practical application in biological systems.,AC Circuits,4
61,2019,Physics,22,Current Electricity,Which factor does NOT affect resistivity during recent research findings?,Resistivity,4
62,2019,Biology,26,Ecology,Which of the following statements about biodiversity is correct in the context of ecology?,Biodiversity,4
63,2019,Physics,23,Magnetism,Explain the concept of ac circuits with a suitable example from magnetism.,AC Circuits,4
64,2019,Chemistry,15,Environmental Chemistry,State the law/principle associated with green chemistry and its role in a typical exam scenario.,Green Chemistry,4
65,2019,Chemistry,16,Physical Chemistry,"Calculate the value based on the principle of equilibrium, given data on standard temperature and pressure.",Equilibrium,4
66,2019,Physics,24,Thermodynamics,"Calculate the value based on the principle of heat transfer, given data on a typical exam scenario.",Heat Transfer,4
67,2019,Biology,27,Genetics,Which factor does NOT affect gene expression during controlled experiments?,Gene Expression,4
68,2019,Physics,25,Electrostatics,Compare and contrast two aspects of coulomb's law with reference to biological systems.,Coulomb's Law,4
69,2019,Chemistry,17,Physical Chemistry,The diagram represents electrochemistry in the context of physical chemistry. Identify the labelled parts.,Electrochemistry,4
70,2019,Chemistry,18,Organic Chemistry,The diagram represents hydrocarbons in the context of organic chemistry. Identify the labelled parts.,Hydrocarbons,4
71,2019,Biology,28,Biotechnology,What is the significance of pcr in the chapter on biotechnology for standard temperature and pressure?,PCR,4
72,2019,Biology,29,Cell Biology,Which of the following best explains the mechanism of cell division observed during controlled experiments?,Cell Division,4
73,2019,Biology,30,Human Physiology,What is the significance of excretory system in the chapter on human physiology for a typical exam scenario?,Excretory System,4
74,2019,Chemistry,19,Inorganic Chemistry,Which of the following best explains the mechanism of coordination compounds observed during recent research findings?,Coordination Compounds,4
75,2019,Chemistry,20,Organic Chemistry,The diagram represents amines in the context of organic chemistry. Identify the labelled parts.,Amines,4
76,2019,Biology,31,Evolution,State the law/principle associated with natural selection and its role in field observations.,Natural Selection,4
77,2019,Physics,26,Modern Physics,Which of the following statements about photoelectric effect is correct in the context of modern physics?,Photoelectric Effect,5
78,2019,Physics,27,Electrostatics,What is the significance of capacitance in the chapter on electrostatics for laboratory conditions?,Capacitance,4
79,2019,Chemistry,21,Inorganic Chemistry,"Calculate the value based on the principle of chemical bonding, given data on real-world systems.",Chemical Bonding,4
80,2019,Physics,28,Oscillations and Waves,A Physics question based on sound waves was asked regarding its practical application in everyday phenomena.,Sound Waves,5
81,2019,Physics,29,Electrostatics,State the law/principle associated with capacitance and its role in everyday phenomena.,Capacitance,5
82,2019,Chemistry,22,Chemical Bonding,State the law/principle associated with covalent bonding and its role in laboratory conditions.,Covalent Bonding,4
83,2019,Physics,30,Optics,Explain the concept of optical instruments with a suitable example from optics.,Optical Instruments,4
84,2019,Chemistry,23,Atomic Structure,State the law/principle associated with bohr model and its role in laboratory conditions.,Bohr Model,4
85,2019,Physics,31,Mechanics,Compare and contrast two aspects of gravitation with reference to controlled experiments.,Gravitation,4
86,2019,Biology,32,Genetics,Describe the process involved in mendelian inheritance as covered under genetics.,Mendelian Inheritance,4
87,2019,Chemistry,24,Inorganic Chemistry,What is the significance of coordination compounds in the chapter on inorganic chemistry for recent research findings?,Coordination Compounds,4
88,2019,Biology,33,Evolution,"Calculate the value based on the principle of origin of life, given data on the given experiment.",Origin of Life,4
89,2019,Biology,34,Reproduction,The diagram represents reproductive health in the context of reproduction. Identify the labelled parts.,Reproductive Health,4
90,2019,Biology,35,Reproduction,State the law/principle associated with human reproduction and its role in textbook case studies.,Human Reproduction,4
91,2019,Biology,36,Biotechnology,Identify the correct option related to recombinant dna technology from the given choices (real-world systems).,Recombinant DNA Technology,4
92,2019,Chemistry,25,Inorganic Chemistry,Describe the process involved in chemical bonding as covered under inorganic chemistry.,Chemical Bonding,4
93,2019,Chemistry,26,Organic Chemistry,Which of the following best explains the mechanism of alcohols phenols ethers observed during recent research findings?,Alcohols Phenols Ethers,5
94,2019,Chemistry,27,Organic Chemistry,The diagram represents hydrocarbons in the context of organic chemistry. Identify the labelled parts.,Hydrocarbons,4
95,2019,Chemistry,28,Chemical Bonding,What is the significance of hybridization in the chapter on chemical bonding for real-world systems?,Hybridization,4
96,2019,Physics,32,Electrostatics,Describe the process involved in electric field as covered under electrostatics.,Electric Field,5
97,2019,Physics,33,Thermodynamics,Identify the correct option related to heat transfer from the given choices (the given experiment).,Heat Transfer,5
98,2019,Physics,34,Modern Physics,"Calculate the value based on the principle of semiconductors, given data on a typical exam scenario.",Semiconductors,4
99,2019,Biology,37,Reproduction,Identify the correct option related to reproductive health from the given choices (laboratory conditions).,Reproductive Health,4
100,2019,Chemistry,29,Chemical Bonding,Describe the process involved in ionic bonding as covered under chemical bonding.,Ionic Bonding,4
101,2019,Biology,38,Biotechnology,Explain the concept of recombinant dna technology with a suitable example from biotechnology.,Recombinant DNA Technology,4
102,2019,Physics,35,Current Electricity,The diagram represents cells and emf in the context of current electricity. Identify the labelled parts.,Cells and EMF,5
103,2019,Chemistry,30,Inorganic Chemistry,The diagram represents d and f block elements in the context of inorganic chemistry. Identify the labelled parts.,d and f Block Elements,4
104,2019,Biology,39,Cell Biology,Which of the following statements about cell organelles is correct in the context of cell biology?,Cell Organelles,4
105,2019,Physics,36,Electrostatics,A Physics question based on gauss's law was asked regarding its practical application in industrial applications.,Gauss's Law,4
106,2019,Biology,40,Human Physiology,Which of the following statements about respiratory system is correct in the context of human physiology?,Respiratory System,5
107,2019,Physics,37,Magnetism,"Calculate the value based on the principle of magnetic field, given data on everyday phenomena.",Magnetic Field,4
108,2019,Biology,41,Cell Biology,Describe the process involved in cell structure as covered under cell biology.,Cell Structure,4
109,2019,Biology,42,Human Physiology,Describe the process involved in nervous system as covered under human physiology.,Nervous System,4
110,2019,Physics,38,Oscillations and Waves,What is the significance of doppler effect in the chapter on oscillations and waves for laboratory conditions?,Doppler Effect,5
111,2019,Physics,39,Thermodynamics,Which of the following statements about laws of thermodynamics is correct in the context of thermodynamics?,Laws of Thermodynamics,4
112,2019,Physics,40,Oscillations and Waves,"Calculate the value based on the principle of sound waves, given data on textbook case studies.",Sound Waves,4
113,2019,Chemistry,31,Inorganic Chemistry,The diagram represents periodic table in the context of inorganic chemistry. Identify the labelled parts.,Periodic Table,4
114,2019,Biology,43,Biotechnology,The diagram represents genetic engineering in the context of biotechnology. Identify the labelled parts.,Genetic Engineering,4
115,2019,Chemistry,32,Atomic Structure,State the law/principle associated with electronic configuration and its role in a typical exam scenario.,Electronic Configuration,5
116,2019,Chemistry,33,Environmental Chemistry,"Calculate the value based on the principle of green chemistry, given data on textbook case studies.",Green Chemistry,4
117,2019,Chemistry,34,Atomic Structure,State the law/principle associated with bohr model and its role in real-world systems.,Bohr Model,4
118,2019,Physics,41,Current Electricity,Describe the process involved in kirchhoff's laws as covered under current electricity.,Kirchhoff's Laws,5
119,2019,Chemistry,35,Chemical Bonding,The diagram represents hybridization in the context of chemical bonding. Identify the labelled parts.,Hybridization,4
120,2019,Physics,42,Current Electricity,Compare and contrast two aspects of ohm's law with reference to industrial applications.,Ohm's Law,4
121,2019,Physics,43,Thermodynamics,Describe the process involved in kinetic theory of gases as covered under thermodynamics.,Kinetic Theory of Gases,4
122,2019,Biology,44,Reproduction,What is the significance of human reproduction in the chapter on reproduction for a typical exam scenario?,Human Reproduction,4
123,2019,Biology,45,Human Physiology,Describe the process involved in circulatory system as covered under human physiology.,Circulatory System,4
124,2019,Chemistry,36,Physical Chemistry,Which factor does NOT affect thermodynamics during field observations?,Thermodynamics,5
125,2019,Biology,46,Ecology,The diagram represents environmental issues in the context of ecology. Identify the labelled parts.,Environmental Issues,5
126,2019,Chemistry,37,Chemical Bonding,Which of the following best explains the mechanism of vsepr theory observed during real-world systems?,VSEPR Theory,4
127,2019,Biology,47,Biotechnology,What is the significance of genetic engineering in the chapter on biotechnology for controlled experiments?,Genetic Engineering,4
128,2019,Physics,44,Modern Physics,Explain the concept of atomic structure with a suitable example from modern physics.,Atomic Structure,4
129,2019,Chemistry,38,Physical Chemistry,Identify the correct option related to electrochemistry from the given choices (the given experiment).,Electrochemistry,4
130,2019,Biology,48,Cell Biology,Which of the following statements about cell division is correct in the context of cell biology?,Cell Division,4
131,2019,Biology,49,Plant Physiology,Which factor does NOT affect respiration in plants during industrial applications?,Respiration in Plants,4
132,2019,Physics,45,Optics,Which factor does NOT affect reflection and refraction during textbook case studies?,Reflection and Refraction,4
133,2019,Physics,46,Mechanics,Which of the following best explains the mechanism of work energy power observed during everyday phenomena?,Work Energy Power,5
134,2019,Physics,47,Thermodynamics,Which factor does NOT affect kinetic theory of gases during textbook case studies?,Kinetic Theory of Gases,4
135,2019,Biology,50,Cell Biology,A Biology question based on cell structure was asked regarding its practical application in biological systems.,Cell Structure,4
136,2019,Physics,48,Mechanics,Explain the concept of laws of motion with a suitable example from mechanics.,Laws of Motion,4
137,2019,Physics,49,Modern Physics,A Physics question based on photoelectric effect was asked regarding its practical application in everyday phenomena.,Photoelectric Effect,5
138,2019,Chemistry,39,Physical Chemistry,Which of the following statements about solutions is correct in the context of physical chemistry?,Solutions,4
139,2019,Biology,51,Reproduction,Explain the concept of plant reproduction with a suitable example from reproduction.,Plant Reproduction,4
140,2019,Chemistry,40,Organic Chemistry,Which factor does NOT affect aldehydes and ketones during biological systems?,Aldehydes and Ketones,4
141,2019,Physics,50,Current Electricity,Which factor does NOT affect ohm's law during industrial applications?,Ohm's Law,5
142,2019,Physics,51,Mechanics,State the law/principle associated with rotational motion and its role in field observations.,Rotational Motion,4
143,2019,Physics,52,Optics,Which of the following best explains the mechanism of wave optics observed during field observations?,Wave Optics,5
144,2019,Biology,52,Genetics,What is the significance of gene expression in the chapter on genetics for the given experiment?,Gene Expression,4
145,2019,Biology,53,Evolution,State the law/principle associated with evidence of evolution and its role in field observations.,Evidence of Evolution,4
146,2019,Chemistry,41,Physical Chemistry,What is the significance of chemical kinetics in the chapter on physical chemistry for field observations?,Chemical Kinetics,4
147,2019,Chemistry,42,Atomic Structure,Which of the following best explains the mechanism of quantum numbers observed during a typical exam scenario?,Quantum Numbers,4
148,2019,Biology,54,Genetics,What is the significance of chromosomal disorders in the chapter on genetics for recent research findings?,Chromosomal Disorders,4
149,2019,Biology,55,Plant Physiology,State the law/principle associated with photosynthesis and its role in standard temperature and pressure.,Photosynthesis,4
150,2019,Biology,56,Human Physiology,A Biology question based on nervous system was asked regarding its practical application in the given experiment.,Nervous System,5
151,2019,Biology,57,Ecology,Which of the following best explains the mechanism of ecosystem observed during real-world systems?,Ecosystem,4
152,2019,Physics,53,Mechanics,Explain the concept of gravitation with a suitable example from mechanics.,Gravitation,5
153,2019,Chemistry,43,Organic Chemistry,"Calculate the value based on the principle of alcohols phenols ethers, given data on controlled experiments.",Alcohols Phenols Ethers,5
154,2019,Biology,58,Genetics,Describe the process involved in mendelian inheritance as covered under genetics.,Mendelian Inheritance,4
155,2019,Chemistry,44,Organic Chemistry,Describe the process involved in biomolecules as covered under organic chemistry.,Biomolecules,4
156,2019,Chemistry,45,Organic Chemistry,Compare and contrast two aspects of amines with reference to textbook case studies.,Amines,5
157,2019,Physics,54,Current Electricity,Which of the following statements about cells and emf is correct in the context of current electricity?,Cells and EMF,4
158,2019,Physics,55,Modern Physics,Describe the process involved in nuclear physics as covered under modern physics.,Nuclear Physics,4
159,2019,Biology,59,Plant Physiology,Which factor does NOT affect plant growth and hormones during the given experiment?,Plant Growth and Hormones,4
160,2019,Chemistry,46,Environmental Chemistry,Describe the process involved in pollution as covered under environmental chemistry.,Pollution,4
161,2019,Physics,56,Oscillations and Waves,Describe the process involved in doppler effect as covered under oscillations and waves.,Doppler Effect,5
162,2019,Biology,60,Biotechnology,Which of the following best explains the mechanism of pcr observed during real-world systems?,PCR,5
163,2019,Physics,57,Mechanics,A Physics question based on laws of motion was asked regarding its practical application in industrial applications.,Laws of Motion,4
164,2019,Physics,58,Electrostatics,Describe the process involved in gauss's law as covered under electrostatics.,Gauss's Law,4
165,2019,Physics,59,Current Electricity,Explain the concept of resistivity with a suitable example from current electricity.,Resistivity,5
166,2019,Chemistry,47,Inorganic Chemistry,A Chemistry question based on d and f block elements was asked regarding its practical application in field observations.,d and f Block Elements,4
167,2019,Biology,61,Ecology,Which of the following statements about ecosystem is correct in the context of ecology?,Ecosystem,5
168,2019,Physics,60,Magnetism,"Calculate the value based on the principle of electromagnetic induction, given data on the given experiment.",Electromagnetic Induction,5
169,2019,Biology,62,Ecology,"Calculate the value based on the principle of population ecology, given data on recent research findings.",Population Ecology,5
170,2019,Biology,63,Ecology,What is the significance of population ecology in the chapter on ecology for textbook case studies?,Population Ecology,4
171,2019,Biology,64,Genetics,Explain the concept of dna replication with a suitable example from genetics.,DNA Replication,4
172,2019,Physics,61,Oscillations and Waves,Which of the following best explains the mechanism of simple harmonic motion observed during controlled experiments?,Simple Harmonic Motion,4
173,2019,Biology,65,Evolution,"Calculate the value based on the principle of natural selection, given data on the given experiment.",Natural Selection,4
174,2019,Biology,66,Evolution,The diagram represents origin of life in the context of evolution. Identify the labelled parts.,Origin of Life,4
175,2019,Biology,67,Human Physiology,Identify the correct option related to respiratory system from the given choices (the given experiment).,Respiratory System,4
176,2019,Physics,62,Current Electricity,Compare and contrast two aspects of kirchhoff's laws with reference to real-world systems.,Kirchhoff's Laws,4
177,2019,Chemistry,48,Atomic Structure,A Chemistry question based on electronic configuration was asked regarding its practical application in field observations.,Electronic Configuration,4
178,2019,Biology,68,Human Physiology,Compare and contrast two aspects of digestive system with reference to the given experiment.,Digestive System,5
179,2019,Chemistry,49,Inorganic Chemistry,Which of the following best explains the mechanism of p-block elements observed during a typical exam scenario?,p-Block Elements,4
180,2019,Physics,63,Magnetism,A Physics question based on ac circuits was asked regarding its practical application in industrial applications.,AC Circuits,4
181,2022,Physics,1,Magnetism,Explain the concept of magnetic field with a suitable example from magnetism.,Magnetic Field,5
182,2022,Physics,2,Oscillations and Waves,Explain the concept of doppler effect with a suitable example from oscillations and waves.,Doppler Effect,4
183,2022,Chemistry,1,Physical Chemistry,A Chemistry question based on equilibrium was asked regarding its practical application in real-world systems.,Equilibrium,4
184,2022,Chemistry,2,Organic Chemistry,Explain the concept of biomolecules with a suitable example from organic chemistry.,Biomolecules,4
185,2022,Biology,1,Ecology,State the law/principle associated with ecosystem and its role in textbook case studies.,Ecosystem,4
186,2022,Chemistry,3,Environmental Chemistry,State the law/principle associated with pollution and its role in textbook case studies.,Pollution,5
187,2022,Biology,2,Cell Biology,Which factor does NOT affect cell division during a typical exam scenario?,Cell Division,5
188,2022,Physics,3,Mechanics,What is the significance of gravitation in the chapter on mechanics for industrial applications?,Gravitation,4
189,2022,Physics,4,Optics,Compare and contrast two aspects of optical instruments with reference to everyday phenomena.,Optical Instruments,4
190,2022,Chemistry,4,Chemical Bonding,Identify the correct option related to vsepr theory from the given choices (biological systems).,VSEPR Theory,4
191,2022,Chemistry,5,Chemical Bonding,What is the significance of ionic bonding in the chapter on chemical bonding for biological systems?,Ionic Bonding,4
192,2022,Chemistry,6,Physical Chemistry,A Chemistry question based on equilibrium was asked regarding its practical application in the given experiment.,Equilibrium,4
193,2022,Physics,5,Oscillations and Waves,State the law/principle associated with simple harmonic motion and its role in standard temperature and pressure.,Simple Harmonic Motion,4
194,2022,Chemistry,7,Atomic Structure,Which of the following statements about bohr model is correct in the context of atomic structure?,Bohr Model,5
195,2022,Biology,3,Genetics,Which of the following best explains the mechanism of gene expression observed during industrial applications?,Gene Expression,5
196,2022,Physics,6,Magnetism,What is the significance of magnetic field in the chapter on magnetism for laboratory conditions?,Magnetic Field,4
197,2022,Biology,4,Biotechnology,What is the significance of recombinant dna technology in the chapter on biotechnology for everyday phenomena?,Recombinant DNA Technology,4
198,2022,Physics,7,Oscillations and Waves,Which of the following best explains the mechanism of sound waves observed during field observations?,Sound Waves,4
199,2022,Biology,5,Cell Biology,The diagram represents cell division in the context of cell biology. Identify the labelled parts.,Cell Division,4
200,2022,Biology,6,Evolution,The diagram represents natural selection in the context of evolution. Identify the labelled parts.,Natural Selection,4
201,2022,Chemistry,8,Physical Chemistry,Describe the process involved in thermodynamics as covered under physical chemistry.,Thermodynamics,4
202,2022,Physics,8,Electrostatics,The diagram represents electric field in the context of electrostatics. Identify the labelled parts.,Electric Field,4
203,2022,Physics,9,Thermodynamics,A Physics question based on heat transfer was asked regarding its practical application in standard temperature and pressure.,Heat Transfer,4
204,2022,Biology,7,Genetics,A Biology question based on dna replication was asked regarding its practical application in a typical exam scenario.,DNA Replication,4
205,2022,Biology,8,Ecology,Which factor does NOT affect biodiversity during standard temperature and pressure?,Biodiversity,5
206,2022,Physics,10,Mechanics,Which of the following best explains the mechanism of laws of motion observed during a typical exam scenario?,Laws of Motion,5
207,2022,Chemistry,9,Inorganic Chemistry,What is the significance of p-block elements in the chapter on inorganic chemistry for controlled experiments?,p-Block Elements,5
208,2022,Physics,11,Thermodynamics,Which factor does NOT affect laws of thermodynamics during standard temperature and pressure?,Laws of Thermodynamics,4
209,2022,Biology,9,Plant Physiology,Describe the process involved in photosynthesis as covered under plant physiology.,Photosynthesis,4
210,2022,Biology,10,Biotechnology,Compare and contrast two aspects of genetic engineering with reference to a typical exam scenario.,Genetic Engineering,4
211,2022,Physics,12,Electrostatics,Explain the concept of capacitance with a suitable example from electrostatics.,Capacitance,4
212,2022,Chemistry,10,Physical Chemistry,The diagram represents chemical kinetics in the context of physical chemistry. Identify the labelled parts.,Chemical Kinetics,4
213,2022,Physics,13,Thermodynamics,A Physics question based on kinetic theory of gases was asked regarding its practical application in field observations.,Kinetic Theory of Gases,5
214,2022,Physics,14,Optics,What is the significance of reflection and refraction in the chapter on optics for real-world systems?,Reflection and Refraction,5
215,2022,Biology,11,Cell Biology,The diagram represents cell organelles in the context of cell biology. Identify the labelled parts.,Cell Organelles,4
216,2022,Physics,15,Thermodynamics,Which factor does NOT affect heat transfer during recent research findings?,Heat Transfer,5
217,2022,Physics,16,Modern Physics,"Calculate the value based on the principle of nuclear physics, given data on recent research findings.",Nuclear Physics,4
218,2022,Physics,17,Current Electricity,A Physics question based on resistivity was asked regarding its practical application in recent research findings.,Resistivity,5
219,2022,Biology,12,Reproduction,Which of the following best explains the mechanism of reproductive health observed during field observations?,Reproductive Health,4
220,2022,Chemistry,11,Chemical Bonding,The diagram represents vsepr theory in the context of chemical bonding. Identify the labelled parts.,VSEPR Theory,4
221,2022,Biology,13,Cell Biology,Which factor does NOT affect cell structure during standard temperature and pressure?,Cell Structure,4
222,2022,Chemistry,12,Environmental Chemistry,What is the significance of pollution in the chapter on environmental chemistry for recent research findings?,Pollution,4
223,2022,Physics,18,Optics,Describe the process involved in optical instruments as covered under optics.,Optical Instruments,4
224,2022,Physics,19,Current Electricity,The diagram represents kirchhoff's laws in the context of current electricity. Identify the labelled parts.,Kirchhoff's Laws,5
225,2022,Physics,20,Electrostatics,Describe the process involved in coulomb's law as covered under electrostatics.,Coulomb's Law,4
226,2022,Physics,21,Current Electricity,State the law/principle associated with cells and emf and its role in recent research findings.,Cells and EMF,5
227,2022,Physics,22,Magnetism,The diagram represents electromagnetic induction in the context of magnetism. Identify the labelled parts.,Electromagnetic Induction,4
228,2022,Physics,23,Optics,Identify the correct option related to wave optics from the given choices (a typical exam scenario).,Wave Optics,4
229,2022,Physics,24,Magnetism,What is the significance of ac circuits in the chapter on magnetism for field observations?,AC Circuits,5
230,2022,Chemistry,13,Organic Chemistry,Explain the concept of alcohols phenols ethers with a suitable example from organic chemistry.,Alcohols Phenols Ethers,4
231,2022,Chemistry,14,Atomic Structure,Which of the following best explains the mechanism of electronic configuration observed during real-world systems?,Electronic Configuration,4
232,2022,Biology,14,Human Physiology,State the law/principle associated with digestive system and its role in laboratory conditions.,Digestive System,5
233,2022,Physics,25,Modern Physics,Explain the concept of photoelectric effect with a suitable example from modern physics.,Photoelectric Effect,4
234,2022,Biology,15,Human Physiology,Which factor does NOT affect nervous system during standard temperature and pressure?,Nervous System,4
235,2022,Chemistry,15,Chemical Bonding,Which factor does NOT affect covalent bonding during everyday phenomena?,Covalent Bonding,4
236,2022,Physics,26,Oscillations and Waves,State the law/principle associated with simple harmonic motion and its role in everyday phenomena.,Simple Harmonic Motion,4
237,2022,Physics,27,Modern Physics,Describe the process involved in atomic structure as covered under modern physics.,Atomic Structure,5
238,2022,Chemistry,16,Chemical Bonding,Identify the correct option related to hybridization from the given choices (field observations).,Hybridization,4
239,2022,Biology,16,Evolution,Describe the process involved in natural selection as covered under evolution.,Natural Selection,4
240,2022,Biology,17,Reproduction,Explain the concept of reproductive health with a suitable example from reproduction.,Reproductive Health,5
241,2022,Chemistry,17,Organic Chemistry,"Calculate the value based on the principle of amines, given data on controlled experiments.",Amines,4
242,2022,Biology,18,Ecology,Which of the following statements about environmental issues is correct in the context of ecology?,Environmental Issues,4
243,2022,Chemistry,18,Physical Chemistry,Compare and contrast two aspects of solutions with reference to industrial applications.,Solutions,5
244,2022,Chemistry,19,Physical Chemistry,A Chemistry question based on thermodynamics was asked regarding its practical application in field observations.,Thermodynamics,5
245,2022,Chemistry,20,Organic Chemistry,"Calculate the value based on the principle of biomolecules, given data on recent research findings.",Biomolecules,5
246,2022,Chemistry,21,Environmental Chemistry,Which factor does NOT affect green chemistry during recent research findings?,Green Chemistry,4
247,2022,Chemistry,22,Organic Chemistry,Which of the following best explains the mechanism of hydrocarbons observed during the given experiment?,Hydrocarbons,5
248,2022,Chemistry,23,Inorganic Chemistry,Identify the correct option related to d and f block elements from the given choices (textbook case studies).,d and f Block Elements,4
249,2022,Biology,19,Human Physiology,"Calculate the value based on the principle of excretory system, given data on everyday phenomena.",Excretory System,5
250,2022,Physics,28,Mechanics,Which of the following best explains the mechanism of rotational motion observed during textbook case studies?,Rotational Motion,5
251,2022,Chemistry,24,Inorganic Chemistry,The diagram represents periodic table in the context of inorganic chemistry. Identify the labelled parts.,Periodic Table,4
252,2022,Physics,29,Thermodynamics,Which factor does NOT affect kinetic theory of gases during laboratory conditions?,Kinetic Theory of Gases,4
253,2022,Biology,20,Human Physiology,State the law/principle associated with respiratory system and its role in industrial applications.,Respiratory System,4
254,2022,Biology,21,Biotechnology,Explain the concept of genetic engineering with a suitable example from biotechnology.,Genetic Engineering,4
255,2022,Physics,30,Current Electricity,State the law/principle associated with resistivity and its role in field observations.,Resistivity,4
256,2022,Physics,31,Electrostatics,Which of the following best explains the mechanism of capacitance observed during real-world systems?,Capacitance,5
257,2022,Biology,22,Genetics,The diagram represents mendelian inheritance in the context of genetics. Identify the labelled parts.,Mendelian Inheritance,4
258,2022,Chemistry,25,Organic Chemistry,Which factor does NOT affect aldehydes and ketones during a typical exam scenario?,Aldehydes and Ketones,4
259,2022,Physics,32,Electrostatics,Compare and contrast two aspects of gauss's law with reference to everyday phenomena.,Gauss's Law,5
260,2022,Physics,33,Modern Physics,The diagram represents semiconductors in the context of modern physics. Identify the labelled parts.,Semiconductors,4
261,2022,Biology,23,Ecology,The diagram represents population ecology in the context of ecology. Identify the labelled parts.,Population Ecology,5
262,2022,Physics,34,Mechanics,"Calculate the value based on the principle of work energy power, given data on biological systems.",Work Energy Power,5
263,2022,Biology,24,Reproduction,State the law/principle associated with human reproduction and its role in laboratory conditions.,Human Reproduction,4
264,2022,Chemistry,26,Inorganic Chemistry,Identify the correct option related to chemical bonding from the given choices (biological systems).,Chemical Bonding,4
265,2022,Biology,25,Evolution,Identify the correct option related to evidence of evolution from the given choices (everyday phenomena).,Evidence of Evolution,4
266,2022,Physics,35,Modern Physics,Describe the process involved in photoelectric effect as covered under modern physics.,Photoelectric Effect,4
267,2022,Physics,36,Thermodynamics,Which factor does NOT affect laws of thermodynamics during real-world systems?,Laws of Thermodynamics,4
268,2022,Chemistry,27,Inorganic Chemistry,Which of the following statements about periodic table is correct in the context of inorganic chemistry?,Periodic Table,4
269,2022,Chemistry,28,Atomic Structure,Which of the following statements about bohr model is correct in the context of atomic structure?,Bohr Model,4
270,2022,Physics,37,Oscillations and Waves,"Calculate the value based on the principle of doppler effect, given data on textbook case studies.",Doppler Effect,4
271,2022,Biology,26,Plant Physiology,Identify the correct option related to respiration in plants from the given choices (controlled experiments).,Respiration in Plants,5
272,2022,Physics,38,Modern Physics,Compare and contrast two aspects of nuclear physics with reference to biological systems.,Nuclear Physics,4
273,2022,Biology,27,Genetics,A Biology question based on mendelian inheritance was asked regarding its practical application in real-world systems.,Mendelian Inheritance,4
274,2022,Biology,28,Plant Physiology,Compare and contrast two aspects of plant growth and hormones with reference to textbook case studies.,Plant Growth and Hormones,4
275,2022,Physics,39,Mechanics,Which factor does NOT affect gravitation during industrial applications?,Gravitation,4
276,2022,Chemistry,29,Atomic Structure,Identify the correct option related to quantum numbers from the given choices (field observations).,Quantum Numbers,4
277,2022,Chemistry,30,Chemical Bonding,Which factor does NOT affect hybridization during a typical exam scenario?,Hybridization,4
278,2022,Biology,29,Biotechnology,Which factor does NOT affect pcr during a typical exam scenario?,PCR,4
279,2022,Physics,40,Magnetism,Explain the concept of ac circuits with a suitable example from magnetism.,AC Circuits,4
280,2022,Biology,30,Reproduction,Compare and contrast two aspects of plant reproduction with reference to a typical exam scenario.,Plant Reproduction,5
281,2022,Chemistry,31,Organic Chemistry,Which of the following best explains the mechanism of alcohols phenols ethers observed during a typical exam scenario?,Alcohols Phenols Ethers,5
282,2022,Chemistry,32,Atomic Structure,What is the significance of electronic configuration in the chapter on atomic structure for the given experiment?,Electronic Configuration,5
283,2022,Physics,41,Oscillations and Waves,Which factor does NOT affect sound waves during standard temperature and pressure?,Sound Waves,4
284,2022,Biology,31,Human Physiology,Describe the process involved in circulatory system as covered under human physiology.,Circulatory System,4
285,2022,Chemistry,33,Inorganic Chemistry,Compare and contrast two aspects of coordination compounds with reference to a typical exam scenario.,Coordination Compounds,4
286,2022,Physics,42,Current Electricity,Which of the following statements about ohm's law is correct in the context of current electricity?,Ohm's Law,5
287,2022,Chemistry,34,Organic Chemistry,What is the significance of amines in the chapter on organic chemistry for laboratory conditions?,Amines,4
288,2022,Chemistry,35,Physical Chemistry,Compare and contrast two aspects of electrochemistry with reference to everyday phenomena.,Electrochemistry,5
289,2022,Chemistry,36,Inorganic Chemistry,What is the significance of chemical bonding in the chapter on inorganic chemistry for the given experiment?,Chemical Bonding,4
290,2022,Biology,32,Evolution,Identify the correct option related to origin of life from the given choices (biological systems).,Origin of Life,4
291,2022,Chemistry,37,Physical Chemistry,Compare and contrast two aspects of chemical kinetics with reference to a typical exam scenario.,Chemical Kinetics,4
292,2022,Physics,43,Mechanics,The diagram represents laws of motion in the context of mechanics. Identify the labelled parts.,Laws of Motion,4
293,2022,Biology,33,Genetics,What is the significance of chromosomal disorders in the chapter on genetics for field observations?,Chromosomal Disorders,4
294,2022,Biology,34,Human Physiology,Compare and contrast two aspects of excretory system with reference to recent research findings.,Excretory System,4
295,2022,Biology,35,Plant Physiology,Explain the concept of photosynthesis with a suitable example from plant physiology.,Photosynthesis,4
296,2022,Chemistry,38,Physical Chemistry,Which of the following best explains the mechanism of solutions observed during textbook case studies?,Solutions,4
297,2022,Biology,36,Cell Biology,Identify the correct option related to cell structure from the given choices (real-world systems).,Cell Structure,4
298,2022,Physics,44,Current Electricity,State the law/principle associated with ohm's law and its role in controlled experiments.,Ohm's Law,4
299,2022,Chemistry,39,Physical Chemistry,A Chemistry question based on electrochemistry was asked regarding its practical application in a typical exam scenario.,Electrochemistry,5
300,2022,Biology,37,Biotechnology,What is the significance of pcr in the chapter on biotechnology for everyday phenomena?,PCR,4
301,2022,Physics,45,Magnetism,Explain the concept of magnetic field with a suitable example from magnetism.,Magnetic Field,4
302,2022,Physics,46,Oscillations and Waves,A Physics question based on doppler effect was asked regarding its practical application in the given experiment.,Doppler Effect,5
303,2022,Chemistry,40,Physical Chemistry,State the law/principle associated with equilibrium and its role in recent research findings.,Equilibrium,4
304,2022,Chemistry,41,Organic Chemistry,Describe the process involved in biomolecules as covered under organic chemistry.,Biomolecules,4
305,2022,Biology,38,Ecology,State the law/principle associated with ecosystem and its role in standard temperature and pressure.,Ecosystem,5
306,2022,Chemistry,42,Environmental Chemistry,"Calculate the value based on the principle of pollution, given data on biological systems.",Pollution,4
307,2022,Biology,39,Cell Biology,Compare and contrast two aspects of cell division with reference to textbook case studies.,Cell Division,4
308,2022,Physics,47,Mechanics,Explain the concept of gravitation with a suitable example from mechanics.,Gravitation,4
309,2022,Physics,48,Optics,Which factor does NOT affect optical instruments during laboratory conditions?,Optical Instruments,4
310,2022,Chemistry,43,Chemical Bonding,Compare and contrast two aspects of vsepr theory with reference to the given experiment.,VSEPR Theory,4
311,2022,Chemistry,44,Chemical Bonding,The diagram represents ionic bonding in the context of chemical bonding. Identify the labelled parts.,Ionic Bonding,4
312,2022,Chemistry,45,Physical Chemistry,The diagram represents equilibrium in the context of physical chemistry. Identify the labelled parts.,Equilibrium,4
313,2022,Physics,49,Oscillations and Waves,A Physics question based on simple harmonic motion was asked regarding its practical application in laboratory conditions.,Simple Harmonic Motion,4
314,2022,Chemistry,46,Atomic Structure,What is the significance of bohr model in the chapter on atomic structure for field observations?,Bohr Model,4
315,2022,Biology,40,Genetics,Explain the concept of gene expression with a suitable example from genetics.,Gene Expression,4
316,2022,Physics,50,Magnetism,Describe the process involved in magnetic field as covered under magnetism.,Magnetic Field,4
317,2022,Biology,41,Biotechnology,The diagram represents recombinant dna technology in the context of biotechnology. Identify the labelled parts.,Recombinant DNA Technology,5
318,2022,Physics,51,Oscillations and Waves,Compare and contrast two aspects of sound waves with reference to everyday phenomena.,Sound Waves,4
319,2022,Biology,42,Cell Biology,Describe the process involved in cell division as covered under cell biology.,Cell Division,4
320,2022,Biology,43,Evolution,Which factor does NOT affect natural selection during industrial applications?,Natural Selection,5
321,2022,Chemistry,47,Physical Chemistry,What is the significance of thermodynamics in the chapter on physical chemistry for laboratory conditions?,Thermodynamics,4
322,2022,Physics,52,Electrostatics,Identify the correct option related to electric field from the given choices (field observations).,Electric Field,5
323,2022,Physics,53,Thermodynamics,Identify the correct option related to heat transfer from the given choices (recent research findings).,Heat Transfer,4
324,2022,Biology,44,Genetics,The diagram represents dna replication in the context of genetics. Identify the labelled parts.,DNA Replication,4
325,2022,Biology,45,Ecology,Which of the following statements about biodiversity is correct in the context of ecology?,Biodiversity,4
326,2022,Physics,54,Mechanics,Identify the correct option related to laws of motion from the given choices (standard temperature and pressure).,Laws of Motion,5
327,2022,Chemistry,48,Inorganic Chemistry,Explain the concept of p-block elements with a suitable example from inorganic chemistry.,p-Block Elements,4
328,2022,Physics,55,Thermodynamics,The diagram represents laws of thermodynamics in the context of thermodynamics. Identify the labelled parts.,Laws of Thermodynamics,4
329,2022,Biology,46,Plant Physiology,Which of the following statements about photosynthesis is correct in the context of plant physiology?,Photosynthesis,4
330,2022,Biology,47,Biotechnology,A Biology question based on genetic engineering was asked regarding its practical application in industrial applications.,Genetic Engineering,4
331,2022,Physics,56,Electrostatics,Explain the concept of capacitance with a suitable example from electrostatics.,Capacitance,4
332,2022,Chemistry,49,Physical Chemistry,Compare and contrast two aspects of chemical kinetics with reference to the given experiment.,Chemical Kinetics,4
333,2022,Physics,57,Thermodynamics,"Calculate the value based on the principle of kinetic theory of gases, given data on real-world systems.",Kinetic Theory of Gases,4
334,2022,Physics,58,Optics,What is the significance of reflection and refraction in the chapter on optics for real-world systems?,Reflection and Refraction,4
335,2022,Biology,48,Cell Biology,State the law/principle associated with cell organelles and its role in a typical exam scenario.,Cell Organelles,4
336,2022,Physics,59,Thermodynamics,Explain the concept of heat transfer with a suitable example from thermodynamics.,Heat Transfer,4
337,2022,Physics,60,Modern Physics,A Physics question based on nuclear physics was asked regarding its practical application in laboratory conditions.,Nuclear Physics,4
338,2022,Physics,61,Current Electricity,Identify the correct option related to resistivity from the given choices (industrial applications).,Resistivity,4
339,2022,Biology,49,Reproduction,Which of the following statements about reproductive health is correct in the context of reproduction?,Reproductive Health,4
340,2022,Chemistry,50,Chemical Bonding,Which of the following statements about vsepr theory is correct in the context of chemical bonding?,VSEPR Theory,5
341,2022,Biology,50,Cell Biology,State the law/principle associated with cell structure and its role in standard temperature and pressure.,Cell Structure,4
342,2022,Chemistry,51,Environmental Chemistry,Which factor does NOT affect pollution during field observations?,Pollution,4
343,2022,Physics,62,Optics,State the law/principle associated with optical instruments and its role in industrial applications.,Optical Instruments,4
344,2022,Physics,63,Current Electricity,Which factor does NOT affect kirchhoff's laws during controlled experiments?,Kirchhoff's Laws,4
345,2022,Physics,64,Electrostatics,Compare and contrast two aspects of coulomb's law with reference to laboratory conditions.,Coulomb's Law,4
346,2022,Physics,65,Current Electricity,Which factor does NOT affect cells and emf during biological systems?,Cells and EMF,4
347,2022,Physics,66,Magnetism,Which of the following statements about electromagnetic induction is correct in the context of magnetism?,Electromagnetic Induction,5
348,2022,Physics,67,Optics,Describe the process involved in wave optics as covered under optics.,Wave Optics,4
349,2022,Physics,68,Magnetism,Which factor does NOT affect ac circuits during everyday phenomena?,AC Circuits,5
350,2022,Chemistry,52,Organic Chemistry,Explain the concept of alcohols phenols ethers with a suitable example from organic chemistry.,Alcohols Phenols Ethers,4
351,2022,Chemistry,53,Atomic Structure,Compare and contrast two aspects of electronic configuration with reference to real-world systems.,Electronic Configuration,4
352,2022,Biology,51,Human Physiology,A Biology question based on digestive system was asked regarding its practical application in a typical exam scenario.,Digestive System,4
353,2022,Physics,69,Modern Physics,Describe the process involved in photoelectric effect as covered under modern physics.,Photoelectric Effect,4
354,2022,Biology,52,Human Physiology,Which factor does NOT affect nervous system during controlled experiments?,Nervous System,5
355,2022,Chemistry,54,Chemical Bonding,Explain the concept of covalent bonding with a suitable example from chemical bonding.,Covalent Bonding,4
356,2022,Physics,70,Oscillations and Waves,The diagram represents simple harmonic motion in the context of oscillations and waves. Identify the labelled parts.,Simple Harmonic Motion,4
357,2022,Physics,71,Modern Physics,Describe the process involved in atomic structure as covered under modern physics.,Atomic Structure,4
358,2022,Chemistry,55,Chemical Bonding,Describe the process involved in hybridization as covered under chemical bonding.,Hybridization,5
359,2022,Biology,53,Evolution,Describe the process involved in natural selection as covered under evolution.,Natural Selection,4
360,2022,Biology,54,Reproduction,"Calculate the value based on the principle of reproductive health, given data on textbook case studies.",Reproductive Health,4
